Title,US_Gross,Worldwide_Gross,US_DVD_Sales,Production_Budget,Release_Date,MPAA_Rating,Running_Time_min,Distributor,Source,Major_Genre,Creative_Type,Director,Rotten_Tomatoes_Rating,IMDB_Rating,IMDB_Votes
The Land Girls,146083.0,146083.0,,8000000.0,1998-06-12,R,,Gramercy,,,,,,6.1,1071.0
"First Love, Last Rites",10876.0,10876.0,,300000.0,1998-08-07,R,,Strand,,Drama,,,,6.9,207.0
I Married a Strange Person,203134.0,203134.0,,250000.0,1998-08-28,,,Lionsgate,,Comedy,,,,6.8,865.0
Let's Talk About Sex,373615.0,373615.0,,300000.0,1998-09-11,,,Fine Line,,Comedy,,,13.0,,
Slam,1009819.0,1087521.0,,1000000.0,1998-10-09,R,,Trimark,Original Screenplay,Drama,Contemporary Fiction,,62.0,3.4,165.0
Mississippi Mermaid,24551.0,2624551.0,,1600000.0,1999-01-15,,,MGM,,,,,,,
Following,44705.0,44705.0,,6000.0,1999-04-04,R,,Zeitgeist,,,,Christopher Nolan,,7.7,15133.0
Foolish,6026908.0,6026908.0,,1600000.0,1999-04-09,R,,Artisan,Original Screenplay,Comedy,Contemporary Fiction,,,3.8,353.0
Pirates,1641825.0,6341825.0,,40000000.0,1986-07-01,R,,,,,,Roman Polanski,25.0,5.8,3275.0
Duel in the Sun,20400000.0,20400000.0,,6000000.0,2046-12-31,,,,,,,,86.0,7.0,2906.0
Tom Jones,37600000.0,37600000.0,,1000000.0,1963-10-07,,,,,,,,81.0,7.0,4035.0
Oliver!,37402877.0,37402877.0,,10000000.0,1968-12-11,,,Sony Pictures,,Musical,,,84.0,7.5,9111.0
To Kill A Mockingbird,13129846.0,13129846.0,,2000000.0,1962-12-25,,,Universal,,,,,97.0,8.4,82786.0
"Tora, Tora, Tora",29548291.0,29548291.0,,25000000.0,1970-09-23,,,,,,,Richard Fleischer,,,
Hollywood Shuffle,5228617.0,5228617.0,,100000.0,1987-03-01,,,,,,,,87.0,6.8,1532.0
Over the Hill to the Poorhouse,3000000.0,3000000.0,,100000.0,2020-09-17,,,,,,,,,,
Wilson,2000000.0,2000000.0,,5200000.0,2044-08-01,,,,,,,,,7.0,451.0
Darling Lili,5000000.0,5000000.0,,22000000.0,1970-01-01,,,,,,,Blake Edwards,,6.1,858.0
The Ten Commandments,80000000.0,80000000.0,,13500000.0,1956-10-05,,,,,,,,90.0,2.5,1677.0
12 Angry Men,0.0,0.0,,340000.0,1957-04-13,,,United Artists,Original Screenplay,Drama,,Sidney Lumet,,8.9,119101.0
Twelve Monkeys,57141459.0,168841459.0,,29000000.0,1995-12-27,R,,Universal,Based on Short Film,Drama,Science Fiction,Terry Gilliam,,8.1,169858.0
1776,0.0,0.0,,4000000.0,1972-11-09,PG,,Sony/Columbia,Based on Play,Drama,Historical Fiction,,57.0,7.0,4099.0
1941,34175000.0,94875000.0,,32000000.0,1979-12-14,,,Universal,Original Screenplay,Comedy,Historical Fiction,Steven Spielberg,33.0,5.6,13364.0
Chacun sa nuit,18435.0,18435.0,,1900000.0,2007-06-29,Not Rated,,Strand,Original Screenplay,Thriller/Suspense,,,,6.3,365.0
2001: A Space Odyssey,56700000.0,68700000.0,,10500000.0,1968-04-02,,,,Original Screenplay,,Science Fiction,Stanley Kubrick,96.0,8.4,160342.0
"20,000 Leagues Under the Sea",28200000.0,28200000.0,,5000000.0,1954-12-23,,,Walt Disney Pictures,Based on Book/Short Story,Adventure,,Richard Fleischer,92.0,,
"20,000 Leagues Under the Sea",8000000.0,8000000.0,,200000.0,2016-12-24,,,,Based on Book/Short Story,Adventure,,,,,
24 7: Twenty Four Seven,72544.0,72544.0,,2000000.0,1998-04-15,R,,October Films,Original Screenplay,Comedy,,Shane Meadows,,6.9,1417.0
Twin Falls Idaho,985341.0,1027228.0,,500000.0,1999-07-30,R,,Sony Pictures Classics,Original Screenplay,Drama,Contemporary Fiction,Michael Polish,77.0,7.1,2810.0
Three Kingdoms: Resurrection of the Dragon,0.0,22139590.0,,20000000.0,2008-04-03,R,,,Based on Book/Short Story,Action,Historical Fiction,,,,
3 Men and a Baby,167780960.0,167780960.0,,15000000.0,1987-11-25,,,Walt Disney Pictures,Remake,Comedy,Contemporary Fiction,Leonard Nimoy,,5.7,16764.0
3 Ninjas Kick Back,11744960.0,11744960.0,,20000000.0,1994-05-06,PG,,Walt Disney Pictures,Original Screenplay,Action,Contemporary Fiction,,17.0,3.2,3107.0
Forty Shades of Blue,75828.0,172569.0,,1500000.0,2005-09-28,R,,Vitagraph Films,Original Screenplay,Drama,,,,6.0,873.0
42nd Street,2300000.0,2300000.0,,439000.0,2033-03-09,,,Warner Bros.,Based on Book/Short Story,Musical,,,95.0,7.7,4263.0
Four Rooms,4301000.0,4301000.0,,4000000.0,1995-12-25,R,,Miramax,Original Screenplay,Comedy,Contemporary Fiction,Robert Rodriguez,14.0,6.4,34328.0
The Four Seasons,42488161.0,42488161.0,,6500000.0,1981-05-22,,,Universal,Original Screenplay,Comedy,Contemporary Fiction,Alan Alda,71.0,7.0,1814.0
Four Weddings and a Funeral,52700832.0,242895809.0,,4500000.0,1994-03-09,R,,Gramercy,Original Screenplay,Romantic Comedy,Contemporary Fiction,Mike Newell,96.0,7.1,39003.0
51 Birch Street,84689.0,84689.0,,350000.0,2006-10-18,Not Rated,,Truly Indie,,,,,97.0,7.4,439.0
55 Days at Peking,10000000.0,10000000.0,,17000000.0,1962-12-31,,,,Original Screenplay,Drama,,,57.0,6.8,2104.0
Nine 1/2 Weeks,6734844.0,6734844.0,,18000000.0,1986-02-21,,,MGM,Based on Book/Short Story,Drama,Contemporary Fiction,Adrian Lyne,,5.4,12731.0
AstÈrix aux Jeux Olympiques,999811.0,132999811.0,,113500000.0,2008-07-04,Not Rated,,Alliance,Based on Comic/Graphic Novel,Adventure,Fantasy,,,4.9,5620.0
The Abyss,54243125.0,54243125.0,,70000000.0,1989-08-09,PG-13,,20th Century Fox,Original Screenplay,Action,Science Fiction,James Cameron,88.0,7.6,51018.0
Action Jackson,20257000.0,20257000.0,,7000000.0,1988-02-12,,,Lorimar Motion Pictures,Original Screenplay,Action,Contemporary Fiction,,10.0,4.6,3856.0
Ace Ventura: Pet Detective,72217396.0,107217396.0,,12000000.0,1994-02-04,PG-13,,Warner Bros.,Original Screenplay,Comedy,Contemporary Fiction,Tom Shadyac,49.0,6.6,63543.0
Ace Ventura: When Nature Calls,108360063.0,212400000.0,,30000000.0,1995-11-10,PG-13,,Warner Bros.,Original Screenplay,Comedy,Contemporary Fiction,Steve Oedekerk,,5.6,51275.0
April Fool's Day,12947763.0,12947763.0,,5000000.0,1986-03-27,,,Paramount Pictures,Original Screenplay,Horror,Contemporary Fiction,,31.0,,
Among Giants,64359.0,64359.0,,4000000.0,1999-03-26,R,,Fox Searchlight,Original Screenplay,Romantic Comedy,,,,5.7,546.0
Annie Get Your Gun,8000000.0,8000000.0,,3768785.0,1950-05-17,,,MGM,Based on Book/Short Story,Musical,,,100.0,7.1,1326.0
Alice in Wonderland,0.0,0.0,,3000000.0,1951-07-28,,,RKO Radio Pictures,Based on Book/Short Story,Musical,,,20.0,6.7,63458.0
The Princess and the Cobbler,669276.0,669276.0,,24000000.0,1995-08-25,G,,Miramax,Original Screenplay,Adventure,Fantasy,,,7.3,893.0
The Alamo,7900000.0,7900000.0,,12000000.0,1960-10-24,PG-13,,United Artists,Original Screenplay,Western,Historical Fiction,John Wayne,54.0,5.9,10063.0
Alexander's Ragtime Band,4000000.0,4000000.0,,2000000.0,1937-12-31,,,20th Century Fox,Original Screenplay,Drama,,,,,
Alive,36299670.0,36299670.0,,32000000.0,1993-01-15,R,,Walt Disney Pictures,Based on Book/Short Story,Adventure,Dramatization,Frank Marshall,71.0,3.2,124.0
Amen,274299.0,274299.0,,14000000.0,2003-01-24,Not Rated,,Kino International,Based on Play,Drama,,Costa-Gavras,,7.4,5416.0
American Graffiti,115000000.0,140000000.0,,777000.0,1973-08-11,,,Universal,Original Screenplay,Comedy,,George Lucas,97.0,7.6,30952.0
American Ninja 2: The Confrontation,4000000.0,4000000.0,,350000.0,1986-12-31,,,,Original Screenplay,Action,,Sam Firstenberg,,3.7,2495.0
The American President,60022813.0,107822813.0,,62000000.0,1995-11-17,PG-13,,Sony Pictures,Original Screenplay,Romantic Comedy,Contemporary Fiction,Rob Reiner,90.0,6.8,22780.0
Annie Hall,38251425.0,38251425.0,,4000000.0,1977-04-20,,,MGM,Original Screenplay,Comedy,,Woody Allen,98.0,8.2,65406.0
Anatomie,9598.0,9598.0,,2500000.0,2000-09-08,Not Rated,,Sony Pictures,Original Screenplay,Horror,,,,6.1,6266.0
The Adventures of Huck Finn,24103594.0,24103594.0,,6500000.0,1993-04-02,PG,,Walt Disney Pictures,Based on Book/Short Story,Adventure,Historical Fiction,Stephen Sommers,62.0,5.8,3095.0
The Apartment,18600000.0,24600000.0,,3000000.0,1959-12-31,,,United Artists,Original Screenplay,Romantic Comedy,,Billy Wilder,91.0,8.4,36485.0
Apocalypse Now,78800000.0,78800000.0,3479242.0,31500000.0,1979-08-15,R,,MGM,Based on Book/Short Story,Action,Historical Fiction,Francis Ford Coppola,98.0,8.6,173141.0
Arachnophobia,53208180.0,53208180.0,,31000000.0,1990-07-18,,,Walt Disney Pictures,Original Screenplay,Thriller/Suspense,Science Fiction,Frank Marshall,85.0,6.2,20528.0
Arn - Tempelriddaren,0.0,14900000.0,,16500000.0,2007-12-25,R,,,Based on Book/Short Story,Action,Historical Fiction,,,6.4,6251.0
Arnolds Park,23616.0,23616.0,,600000.0,2007-10-19,PG-13,,The Movie Partners,Original Screenplay,Thriller/Suspense,Contemporary Fiction,,,5.1,77.0
Sweet Sweetback's Baad Asssss Song,15200000.0,15200000.0,,150000.0,1971-01-01,,,,,,,,,5.6,1769.0
And Then Came Love,8158.0,8158.0,,989000.0,2007-06-01,Not Rated,,Fox Meadow,,Comedy,,,17.0,4.4,200.0
Around the World in 80 Days,42000000.0,42000000.0,,6000000.0,1956-10-17,PG,,United Artists,Based on Book/Short Story,Adventure,,,73.0,5.6,21516.0
Barbarella,0.0,0.0,,9000000.0,1968-10-10,,,Paramount Pictures,Based on Comic/Graphic Novel,Adventure,Science Fiction,,74.0,5.7,10794.0
Barry Lyndon,20000000.0,20000000.0,,11000000.0,1974-12-31,,,Warner Bros.,Based on Book/Short Story,Drama,,Stanley Kubrick,94.0,8.1,39909.0
"Barbarians, The",800000.0,800000.0,,4000000.0,1987-03-01,,,,,,,,,5.4,236.0
Babe,63658910.0,246100000.0,,30000000.0,1995-08-04,G,,Universal,Based on Book/Short Story,Adventure,Contemporary Fiction,Chris Noonan,98.0,7.3,35644.0
Boynton Beach Club,3127472.0,3127472.0,,2900000.0,2006-03-24,R,104.0,Wingate Distribution,Original Screenplay,Romantic Comedy,Contemporary Fiction,,,,
Baby's Day Out,16581575.0,16581575.0,,50000000.0,1994-07-01,PG,,20th Century Fox,Original Screenplay,Comedy,Contemporary Fiction,Patrick Read Johnson,21.0,5.0,8332.0
Bound by Honor,4496583.0,4496583.0,,35000000.0,1993-04-16,,,Walt Disney Pictures,Original Screenplay,,,Taylor Hackford,,7.7,10142.0
"Bon Cop, Bad Cop",12671300.0,12671300.0,,8000000.0,2006-08-04,Not Rated,,Alliance,Original Screenplay,Comedy,Contemporary Fiction,,67.0,6.9,151.0
Back to the Future,210609762.0,381109762.0,,19000000.0,1985-07-03,,,Universal,Original Screenplay,Adventure,Science Fiction,Robert Zemeckis,96.0,8.4,201598.0
Back to the Future Part II,118450002.0,332000000.0,,40000000.0,1989-11-22,,,Universal,Original Screenplay,Adventure,Science Fiction,Robert Zemeckis,64.0,7.5,87341.0
Back to the Future Part III,87666629.0,243700000.0,,40000000.0,1990-05-24,,,Universal,Original Screenplay,Adventure,Science Fiction,Robert Zemeckis,71.0,7.1,77541.0
Butch Cassidy and the Sundance Kid,102308900.0,102308900.0,,6000000.0,1969-10-24,,,20th Century Fox,,Western,Historical Fiction,George Roy Hill,90.0,8.2,57602.0
Bad Boys,65647413.0,141247413.0,,23000000.0,1995-04-07,R,,Sony Pictures,Original Screenplay,Action,Contemporary Fiction,Michael Bay,39.0,6.6,53929.0
Body Double,8801940.0,8801940.0,,10000000.0,1984-10-26,,,Sony/Columbia,Original Screenplay,Thriller/Suspense,Contemporary Fiction,Brian De Palma,84.0,6.4,9738.0
"The Beast from 20,000 Fathoms",5000000.0,5000000.0,,210000.0,1953-06-13,,,Warner Bros.,Based on Book/Short Story,,,,90.0,,
Beastmaster 2: Through the Portal of Time,773490.0,773490.0,,6000000.0,1991-08-30,,,New Line,Based on Book/Short Story,,Fantasy,,17.0,3.3,1327.0
The Beastmaster,10751126.0,10751126.0,,5000000.0,1982-08-20,,,MGM,Based on Book/Short Story,Action,Fantasy,,50.0,5.7,5734.0
Ben-Hur,9000000.0,9000000.0,,3900000.0,2025-12-30,,,MGM,Based on Book/Short Story,Adventure,,,,8.2,58510.0
Ben-Hur,73000000.0,73000000.0,,15000000.0,1959-11-18,,,MGM,Based on Book/Short Story,Adventure,,William Wyler,91.0,8.2,58510.0
Benji,31559560.0,31559560.0,,500000.0,1974-11-15,,,,Original Screenplay,Adventure,,,83.0,5.8,1801.0
Before Sunrise,5274005.0,5274005.0,,2500000.0,1995-01-27,R,,Sony Pictures,Original Screenplay,Drama,Contemporary Fiction,Richard Linklater,100.0,8.0,39705.0
Beauty and the Beast,171340294.0,403476931.0,,20000000.0,1991-11-13,G,,Walt Disney Pictures,Based on Book/Short Story,Musical,Fantasy,Gary Trousdale,93.0,3.4,354.0
The Best Years of Our Lives,23600000.0,23600000.0,,2100000.0,2046-11-21,,,RKO Radio Pictures,Based on Book/Short Story,Drama,,William Wyler,97.0,8.2,17338.0
The Ballad of Gregorio Cortez,909000.0,909000.0,,1305000.0,1983-08-19,,,Embassy,Based on Book/Short Story,Western,Historical Fiction,,,,
My Big Fat Independent Movie,4655.0,4655.0,,3000000.0,2005-09-30,R,,Big Fat Movies,,Comedy,Contemporary Fiction,,23.0,3.2,1119.0
Battle for the Planet of the Apes,8800000.0,8800000.0,,1800000.0,1972-12-31,,,20th Century Fox,,,Science Fiction,Jack Lee Thompson,38.0,5.0,6094.0
Big Things,0.0,0.0,,50000.0,2009-12-31,,,,,,,,,,
Bogus,4357406.0,4357406.0,,32000000.0,1996-09-06,PG,,Warner Bros.,Original Screenplay,Comedy,Fantasy,Norman Jewison,40.0,4.8,2742.0
Beverly Hills Cop,234760478.0,316300000.0,,15000000.0,1984-12-05,,,Paramount Pictures,Original Screenplay,Action,Contemporary Fiction,Martin Brest,83.0,7.3,45065.0
Beverly Hills Cop II,153665036.0,276665036.0,,20000000.0,1987-05-20,R,,Paramount Pictures,Original Screenplay,Action,Contemporary Fiction,Tony Scott,46.0,6.1,29712.0
Beverly Hills Cop III,42586861.0,119180938.0,,50000000.0,1994-05-25,R,,Paramount Pictures,Original Screenplay,Action,Contemporary Fiction,John Landis,10.0,5.0,21199.0
The Black Hole,35841901.0,35841901.0,,20000000.0,1979-12-21,,,Walt Disney Pictures,Original Screenplay,,Science Fiction,,42.0,5.6,7810.0
Bathory,0.0,3436763.0,,15000000.0,2008-07-10,,,,,,,,,6.1,1446.0
Big,114968774.0,151668774.0,,18000000.0,1988-06-03,,,20th Century Fox,Original Screenplay,Comedy,Fantasy,Penny Marshall,96.0,7.2,49256.0
The Big Parade,11000000.0,22000000.0,,245000.0,2025-01-01,,,MGM,Based on Play,Drama,,King Vidor,100.0,8.4,2600.0
Boyz n the Hood,56190094.0,56190094.0,,6500000.0,1991-07-12,,,Sony Pictures,Original Screenplay,Drama,Contemporary Fiction,John Singleton,98.0,7.8,30299.0
"The Book of Mormon Movie, Volume 1: The Journey",1660865.0,1660865.0,,2000000.0,2003-09-12,PG,,Distributor Unknown,Based on Book/Short Story,Drama,Historical Fiction,,,,
Return to the Blue Lagoon,2000000.0,2000000.0,,11000000.0,1990-12-31,,,,,,,,,4.3,4632.0
"Bright Lights, Big City",16118077.0,16118077.0,,25000000.0,1988-04-01,R,,United Artists,Based on Book/Short Story,Drama,Contemporary Fiction,,61.0,6.8,11929.0
The Blue Bird,887000.0,887000.0,,1200000.0,1975-12-31,,,20th Century Fox,Based on Play,,Fantasy,George Cukor,,4.9,359.0
The Blue Butterfly,1610194.0,1610194.0,,10400000.0,2004-02-20,PG,,Alliance,Original Screenplay,Drama,Contemporary Fiction,,44.0,6.2,817.0
Blade Runner,32656328.0,33139618.0,,28000000.0,1982-06-25,R,,Warner Bros.,Based on Book/Short Story,Thriller/Suspense,Science Fiction,Ridley Scott,92.0,8.3,185546.0
Bloodsport,11806119.0,11806119.0,,1500000.0,1988-02-26,,,Cannon,Original Screenplay,Action,Contemporary Fiction,,,6.2,19816.0
The Blues Brothers,57229890.0,57229890.0,,27000000.0,1980-06-20,,,Universal,Original Screenplay,Musical,Contemporary Fiction,John Landis,84.0,7.9,62941.0
Blow Out,13747234.0,13747234.0,,18000000.0,1981-07-24,,,Filmways Pictures,Original Screenplay,Thriller/Suspense,Contemporary Fiction,Brian De Palma,89.0,7.1,10239.0
De battre mon coeur s'est arrÍtÈ,1023424.0,8589831.0,,5500000.0,2005-07-01,Not Rated,,WellSpring,Original Screenplay,Drama,Contemporary Fiction,,,7.3,7295.0
The Broadway Melody,2800000.0,4358000.0,,379000.0,1928-12-31,,,MGM,Original Screenplay,Musical,,,38.0,6.7,2017.0
Boom Town,9172000.0,9172000.0,,2000000.0,1939-12-31,,,MGM,Original Screenplay,,,,,7.1,1115.0
Bound,3802260.0,6300000.0,,4500000.0,1996-10-04,R,,Gramercy,Original Screenplay,Thriller/Suspense,Contemporary Fiction,Andy Wachowski,88.0,7.4,23564.0
Bang,527.0,527.0,,10000.0,1996-04-01,,,JeTi Films,Original Screenplay,Thriller/Suspense,Contemporary Fiction,"Jeff """"King Jeff"""" Hollins",,6.3,369.0
Bananas,,,,2000000.0,1971-04-28,PG-13,,MGM,Original Screenplay,Comedy,,Woody Allen,89.0,7.1,12415.0
Bill & Ted's Bogus Journey,37537675.0,37537675.0,,20000000.0,1991-07-19,,,Orion Pictures,Original Screenplay,Comedy,Fantasy,Peter Hewitt,58.0,5.8,20188.0
The Birth of a Nation,10000000.0,11000000.0,,110000.0,2015-02-08,,,,Based on Book/Short Story,Drama,,,100.0,7.1,8901.0
The Ballad of Cable Hogue,3500000.0,5000000.0,,3716946.0,1970-05-13,,,Warner Bros.,Original Screenplay,Western,Historical Fiction,Sam Peckinpah,92.0,7.3,3125.0
The Blood of Heroes,882290.0,882290.0,,7700000.0,1990-02-23,,,New Line,Original Screenplay,Action,,,,6.2,2523.0
The Blood of My Brother: A Story of Death in Iraq,0.0,0.0,,120000.0,2006-06-30,,,Lifesize Entertainment,Based on Real Life Events,Documentary,Factual,,71.0,7.6,90.0
Boomerang,70052444.0,131052444.0,,42000000.0,1992-07-01,,,Paramount Pictures,Original Screenplay,Comedy,Contemporary Fiction,,37.0,5.9,202.0
The Bridge on the River Kwai,33300000.0,33300000.0,,3000000.0,1957-12-18,,,Sony/Columbia,Based on Book/Short Story,Drama,,David Lean,95.0,8.4,58641.0
Born on the Fourth of July,70001698.0,70001698.0,,14000000.0,1989-12-20,,,Universal,Based on Book/Short Story,Drama,Dramatization,Oliver Stone,89.0,7.2,32108.0
Basquiat,2962051.0,2962051.0,,3000000.0,1996-08-09,R,,Miramax,Based on Real Life Events,Drama,Dramatization,Julian Schnabel,69.0,6.7,7935.0
Black Rain,45892212.0,45892212.0,,30000000.0,1989-09-22,,,Paramount Pictures,Original Screenplay,Thriller/Suspense,Contemporary Fiction,Ridley Scott,57.0,4.1,137.0
Bottle Rocket,407488.0,407488.0,,5000000.0,1996-02-21,R,,Sony Pictures,Based on Short Film,Adventure,,Wes Anderson,79.0,7.2,21980.0
Braindead,242623.0,242623.0,,3000000.0,1993-02-12,,,Trimark,Original Screenplay,Horror,,Peter Jackson,,7.6,32827.0
The Bridges of Madison County,71516617.0,175516617.0,,22000000.0,1995-06-02,PG-13,,Warner Bros.,Based on Book/Short Story,Drama,Historical Fiction,Clint Eastwood,90.0,7.2,21923.0
The Brothers McMullen,10426506.0,10426506.0,,25000.0,1995-08-09,R,,Fox Searchlight,Original Screenplay,Drama,Contemporary Fiction,Edward Burns,91.0,6.4,4365.0
Dracula,82522790.0,215862692.0,,40000000.0,1992-11-13,R,,Sony Pictures,Based on Book/Short Story,Horror,Fantasy,Francis Ford Coppola,,6.4,136.0
Broken Arrow,70645997.0,148345997.0,,65000000.0,1996-02-09,R,108.0,20th Century Fox,Original Screenplay,Action,Contemporary Fiction,John Woo,55.0,5.8,33584.0
Brainstorm,8921050.0,8921050.0,,15000000.0,1983-09-30,,,MGM,Based on Book/Short Story,Thriller/Suspense,Science Fiction,,64.0,6.3,4410.0
Braveheart,75545647.0,209000000.0,,72000000.0,1995-05-24,R,,Paramount Pictures,Based on Real Life Events,Drama,Dramatization,Mel Gibson,77.0,8.4,240642.0
Les BronzÈs 3: amis pour la vie,0.0,83833602.0,,42000000.0,2006-02-01,,,,,Comedy,Contemporary Fiction,,,4.4,1254.0
Brazil,9929135.0,9929135.0,,15000000.0,1985-12-18,R,136.0,Universal,Original Screenplay,Black Comedy,Fantasy,Terry Gilliam,98.0,8.0,76635.0
Blazing Saddles,119500000.0,119500000.0,,2600000.0,1974-01-01,,,Warner Bros.,Original Screenplay,Comedy,,Mel Brooks,89.0,7.8,45771.0
The Basket,609042.0,609042.0,,1300000.0,2000-05-05,PG,,MGM,Original Screenplay,Drama,,,,6.3,343.0
Bathing Beauty,3500000.0,3500000.0,,2361000.0,1943-12-31,,,MGM,Original Screenplay,Musical,,,,6.2,487.0
Bill & Ted's Excellent Adventure,39916091.0,39916091.0,,10000000.0,1989-02-17,,,Orion Pictures,Original Screenplay,Comedy,Science Fiction,Stephen Herek,81.0,6.7,30341.0
A Bridge Too Far,50800000.0,50800000.0,,26000000.0,1977-06-15,,,MGM,Based on Book/Short Story,Action,,Sir Richard Attenborough,67.0,7.3,16882.0
Beetle Juice,73326666.0,73326666.0,,15000000.0,1988-03-30,,,Warner Bros.,Original Screenplay,Comedy,Fantasy,Tim Burton,,7.3,61197.0
Batman Returns,162831698.0,266822354.0,,80000000.0,1992-06-18,PG-13,,Warner Bros.,Original Screenplay,Action,Super Hero,Tim Burton,78.0,6.9,78673.0
Batman Forever,184031112.0,336529144.0,,100000000.0,1995-06-16,PG-13,,Warner Bros.,Original Screenplay,Action,Super Hero,Joel Schumacher,43.0,5.4,76218.0
Batman - The Movie,0.0,0.0,,1377800.0,2001-08-21,,,,,,,,,,
Batman,251188924.0,411348924.0,,35000000.0,1989-06-23,PG-13,,Warner Bros.,Based on Comic/Graphic Novel,Action,Super Hero,Tim Burton,71.0,7.6,111464.0
Buffy the Vampire Slayer,14231669.0,14231669.0,,7000000.0,1992-07-31,,,20th Century Fox,Original Screenplay,Horror,Fantasy,,32.0,5.3,16056.0
Bienvenue chez les Ch'tis,1470856.0,243470856.0,,16000000.0,2008-07-25,Not Rated,109.0,Link Productions Ltd.,Original Screenplay,Comedy,Contemporary Fiction,,,7.0,7129.0
Beyond the Valley of the Dolls,9000000.0,9000000.0,,1000000.0,1970-01-01,,,20th Century Fox,Original Screenplay,Comedy,,,68.0,5.7,4626.0
Broken Vessels,15030.0,85343.0,,600000.0,1999-07-02,R,,,Original Screenplay,Drama,,,,6.4,399.0
The Boys from Brazil,19000000.0,19000000.0,,12000000.0,1977-12-31,,,20th Century Fox,Based on Book/Short Story,Thriller/Suspense,,Franklin J. Schaffner,65.0,7.0,8741.0
The Business of Fancy Dancing,174682.0,174682.0,,200000.0,2002-05-10,Not Rated,,Outrider Pictures,Original Screenplay,Drama,Contemporary Fiction,,,7.0,355.0
Caddyshack,39846344.0,39846344.0,,6000000.0,1980-07-25,,,Warner Bros.,Original Screenplay,Comedy,Contemporary Fiction,Harold Ramis,75.0,7.3,35436.0
Cape Fear,79091969.0,182291969.0,,35000000.0,1991-11-15,R,,Universal,Remake,Thriller/Suspense,Contemporary Fiction,Martin Scorsese,76.0,7.3,47196.0
Clear and Present Danger,122012656.0,207500000.0,,62000000.0,1994-08-03,PG-13,,Paramount Pictures,Based on Book/Short Story,Action,Contemporary Fiction,Phillip Noyce,78.0,6.8,29612.0
Carrie,25878153.0,25878153.0,,1800000.0,1976-11-16,,,MGM,Based on Book/Short Story,Horror,Contemporary Fiction,Brian De Palma,90.0,7.4,38767.0
Casino Royale,22744718.0,41744718.0,,12000000.0,1967-04-28,,,Sony Pictures,Based on Book/Short Story,Comedy,Contemporary Fiction,John Huston,30.0,8.0,172936.0
Camping Sauvage,3479302.0,3479302.0,,4600000.0,2004-07-16,Not Rated,,Alliance,Original Screenplay,Comedy,Contemporary Fiction,,,6.0,378.0
The Cotton Club,25928721.0,25928721.0,,48000000.0,1984-12-14,,,Orion Pictures,Original Screenplay,Drama,Historical Fiction,Francis Ford Coppola,74.0,6.3,6940.0
Crop Circles: Quest for Truth,0.0,0.0,,600000.0,2002-08-23,,,,,,,,60.0,7.1,153.0
Close Encounters of the Third Kind,166000000.0,337700000.0,,20000000.0,1977-11-16,,,Sony Pictures,Original Screenplay,Adventure,Science Fiction,Steven Spielberg,95.0,7.8,59049.0
The Cable Guy,60240295.0,102825796.0,,47000000.0,1996-06-14,PG-13,95.0,Sony Pictures,Original Screenplay,Comedy,Contemporary Fiction,Ben Stiller,52.0,5.8,51109.0
Chocolate: Deep Dark Secrets,49000.0,1549000.0,,1000000.0,2005-09-16,Not Rated,,Eros Entertainment,Original Screenplay,Thriller/Suspense,Contemporary Fiction,,,4.6,527.0
Child's Play,33244684.0,44196684.0,,9000000.0,1988-11-09,,,United Artists,Original Screenplay,Horror,Fantasy,,70.0,6.3,16165.0
Child's Play 2,26904572.0,34166572.0,,13000000.0,1990-11-09,,,Universal,Original Screenplay,Horror,Fantasy,,38.0,5.1,8666.0
Chain Reaction,21226204.0,60209334.0,,55000000.0,1996-08-02,PG-13,106.0,20th Century Fox,Original Screenplay,Action,Contemporary Fiction,Andrew Davis,13.0,5.2,15817.0
Charly,814666.0,814666.0,,950000.0,2002-09-27,PG,,Excel Entertainment,Based on Book/Short Story,Drama,Contemporary Fiction,,,5.8,60.0
Chariots of Fire,57159946.0,57159946.0,,5500000.0,1981-09-25,,,Sony Pictures,Based on Real Life Events,Drama,Dramatization,Hugh Hudson,86.0,7.3,16138.0
A Christmas Story,19294144.0,19294144.0,,3250000.0,1983-11-18,PG,,MGM,Based on Book/Short Story,Comedy,Historical Fiction,,88.0,8.0,51757.0
Cat on a Hot Tin Roof,17570324.0,17570324.0,,3000000.0,1958-09-20,,,MGM,Based on Play,Drama,Contemporary Fiction,Richard Brooks,100.0,8.0,14540.0
C.H.U.D.,4700000.0,4700000.0,,1250000.0,1984-08-31,,,New World,Original Screenplay,Horror,Fantasy,,,5.0,2806.0
"Charge of the Light Brigade, The",0.0,0.0,,1200000.0,2036-10-20,,,Warner Bros.,Based on Real Life Events,Action,Dramatization,Michael Curtiz,,,
Crooklyn,13024170.0,13024170.0,,14000000.0,1994-05-13,PG-13,,Universal,Original Screenplay,Comedy,Historical Fiction,Spike Lee,75.0,6.5,3137.0
Festen,1647780.0,1647780.0,,1300000.0,1998-10-09,R,,October Films,Original Screenplay,Comedy,Contemporary Fiction,Thomas Vinterberg,,8.1,26607.0
Cleopatra,48000000.0,62000000.0,,36000000.0,1963-06-12,,,20th Century Fox,Based on Real Life Events,Drama,Dramatization,,40.0,6.8,7870.0
Cliffhanger,84049211.0,255000000.0,,65000000.0,1993-05-28,,,Sony Pictures,Original Screenplay,Action,Contemporary Fiction,Renny Harlin,82.0,6.2,34447.0
The Californians,4134.0,4134.0,,500000.0,2005-10-21,PG,,Fabrication Films,Original Screenplay,Drama,Contemporary Fiction,,,5.1,226.0
The Client,92115211.0,117615211.0,,45000000.0,1994-07-20,PG-13,,Warner Bros.,Based on Book/Short Story,Drama,Contemporary Fiction,Joel Schumacher,80.0,6.5,19299.0
The Calling,32092.0,32092.0,,160000.0,2002-03-01,PG,,Testimony Pictures,Original Screenplay,Drama,Contemporary Fiction,Michael C. Brown,,3.4,1113.0
Clueless,56598476.0,56598476.0,,13700000.0,1995-07-01,PG-13,,Paramount Pictures,Based on Book/Short Story,Comedy,Contemporary Fiction,Amy Heckerling,83.0,6.7,39055.0
The Color Purple,93589701.0,93589701.0,,15000000.0,1985-12-18,,,Warner Bros.,Based on Book/Short Story,Drama,Historical Fiction,Steven Spielberg,88.0,7.7,26962.0
Clerks,3073428.0,3073428.0,,27000.0,1994-10-19,R,,Miramax,Original Screenplay,Comedy,Contemporary Fiction,Kevin Smith,88.0,7.9,89991.0
Central do Brasil,5969553.0,17006158.0,,2900000.0,1998-11-20,R,,Sony Pictures Classics,Original Screenplay,Drama,Contemporary Fiction,Walter Salles,,8.0,17343.0
Clash of the Titans,30000000.0,30000000.0,,15000000.0,1981-06-12,,108.0,MGM,Traditional/Legend/Fairytale,Adventure,Fantasy,,65.0,5.9,45773.0
Clockwatchers,444354.0,444354.0,,2000000.0,1998-05-15,PG-13,,Artistic License,,,,,,5.9,3171.0
Commando,35073978.0,35073978.0,,10000000.0,1985-10-04,,,20th Century Fox,Original Screenplay,Action,Contemporary Fiction,,71.0,4.5,49.0
The Color of Money,52293000.0,52293000.0,,10000000.0,1986-10-17,,,Walt Disney Pictures,,Drama,Contemporary Fiction,Martin Scorsese,91.0,6.9,25824.0
Cinderella,85000000.0,85000000.0,,2900000.0,1950-02-15,,,Walt Disney Pictures,Traditional/Legend/Fairytale,Drama,Fantasy,,92.0,5.1,373.0
Congo,81022333.0,152022333.0,,50000000.0,1995-06-09,PG-13,,Paramount Pictures,Based on Book/Short Story,Adventure,Contemporary Fiction,Frank Marshall,21.0,4.6,17954.0
Conan the Barbarian,38264085.0,38264085.0,,20000000.0,1982-05-14,,,Universal,Based on Book/Short Story,Action,Fantasy,John Milius,76.0,6.8,38886.0
Conan the Destroyer,26400000.0,26400000.0,,18000000.0,1984-06-29,,,Universal,Based on Book/Short Story,Action,Fantasy,Richard Fleischer,29.0,5.4,20368.0
Class of 1984,6965361.0,6965361.0,,3250000.0,1982-08-20,,,United Film Distribution Co.,Original Screenplay,Drama,Contemporary Fiction,,,6.3,2945.0
The Clan of the Cave Bear,1953732.0,1953732.0,,15000000.0,1986-01-17,,,Warner Bros.,Based on Book/Short Story,Adventure,Historical Fiction,,13.0,4.9,2763.0
The Case of the Grinning Cat,7033.0,7033.0,,200000.0,2006-07-21,Not Rated,,First Run/Icarus,Based on Real Life Events,Documentary,Factual,,,,
Bacheha-Ye aseman,925402.0,925402.0,,180000.0,1999-01-22,PG,,Miramax,Original Screenplay,Comedy,Contemporary Fiction,,,8.0,6657.0
Coming Home,32653000.0,32653000.0,,3000000.0,1977-12-31,,,,,,,Hal Ashby,81.0,7.3,4410.0
Nanjing! Nanjing!,0.0,20000000.0,,12000000.0,2009-11-17,R,,National Geographic Entertainment,,,,,,7.6,1725.0
Cool Runnings,68856263.0,155056263.0,,14000000.0,1993-10-01,,,Walt Disney Pictures,Based on Real Life Events,Comedy,Contemporary Fiction,Jon Turteltaub,73.0,6.5,24533.0
Conquest of the Planet of the Apes,9700000.0,9700000.0,,1700000.0,1971-12-31,,,,,,,Jack Lee Thompson,44.0,5.8,6188.0
Cure,94596.0,94596.0,,10000.0,2001-07-06,Not Rated,,,,,,,,7.4,2724.0
Crocodile Dundee,174803506.0,328000000.0,,5000000.0,1986-09-26,,,Paramount Pictures,Original Screenplay,Comedy,Contemporary Fiction,,88.0,6.5,27277.0
Dayereh,673780.0,673780.0,,10000.0,2001-03-09,Not Rated,,WinStar Cinema,Original Screenplay,Drama,Contemporary Fiction,,,7.3,1851.0
Karakter,713413.0,713413.0,,4500000.0,1998-03-27,R,,Sony Pictures Classics,Based on Book/Short Story,Drama,Historical Fiction,,,7.8,5531.0
Creepshow,20036244.0,20036244.0,,8000000.0,1982-11-10,,,Warner Bros.,Based on Book/Short Story,Horror,Fantasy,George A. Romero,67.0,6.5,12530.0
Creepshow 2,14000000.0,14000000.0,,3500000.0,1987-05-01,,,New World,Based on Book/Short Story,Horror,Fantasy,,26.0,5.4,5910.0
The Crying Game,62546695.0,62546695.0,,4000000.0,1992-11-25,R,,Miramax,Original Screenplay,Drama,Contemporary Fiction,Neil Jordan,100.0,7.3,21195.0
Crimson Tide,91387195.0,159387195.0,,55000000.0,1995-05-12,R,,Walt Disney Pictures,Original Screenplay,Action,Contemporary Fiction,Tony Scott,86.0,7.2,33354.0
Caravans,1000000.0,1000000.0,,14000000.0,1977-12-31,,,Universal,Based on Book/Short Story,Adventure,Historical Fiction,,,5.8,173.0
Crying With Laughter,0.0,0.0,,820000.0,2009-12-31,,,,,,,,,,
Fengkuang de Shitou,0.0,3000000.0,,500000.0,2006-06-30,,,,Original Screenplay,Black Comedy,Contemporary Fiction,,,7.6,1209.0
Casablanca,10462500.0,10462500.0,,950000.0,1941-12-31,,,Warner Bros.,Based on Play,Drama,Historical Fiction,Michael Curtiz,97.0,8.8,167939.0
Casino,42438300.0,110400000.0,,52000000.0,1995-11-22,R,,Universal,Based on Book/Short Story,Drama,Historical Fiction,Martin Scorsese,81.0,8.1,108634.0
Casper,100328194.0,282300000.0,,55000000.0,1995-05-26,PG,,Universal,Based on TV,Comedy,Fantasy,Brad Silberling,41.0,5.7,26121.0
Can't Stop the Music,2000000.0,2000000.0,,20000000.0,1979-12-31,,,,Original Screenplay,Musical,Contemporary Fiction,,,3.5,2146.0
Catch-22,24911670.0,24911670.0,,18000000.0,1970-06-24,,,Paramount Pictures,Based on Book/Short Story,Comedy,Historical Fiction,Mike Nichols,87.0,7.1,9671.0
City Hall,20278055.0,20278055.0,,40000000.0,1996-02-16,R,111.0,Sony Pictures,Original Screenplay,Drama,Contemporary Fiction,Harold Becker,55.0,6.1,9908.0
Cutthroat Island,10017322.0,10017322.0,,92000000.0,1995-12-22,PG-13,,MGM,Original Screenplay,Adventure,Historical Fiction,Renny Harlin,45.0,5.3,10346.0
La femme de chambre du Titanic,244465.0,244465.0,,10000000.0,1998-08-14,,,MGM,Based on Book/Short Story,Drama,Historical Fiction,,,6.8,822.0
Cat People,4000000.0,8000000.0,,134000.0,2042-11-16,,,RKO Radio Pictures,Original Screenplay,Drama,Fantasy,,91.0,5.9,6791.0
Courage Under Fire,59003384.0,100833145.0,,46000000.0,1996-07-12,R,115.0,20th Century Fox,Original Screenplay,Drama,Historical Fiction,Edward Zwick,85.0,6.6,19682.0
C'era una volta il West,5321508.0,5321508.0,,5000000.0,1969-05-28,PG-13,,Paramount Pictures,Original Screenplay,Western,Historical Fiction,Sergio Leone,,8.8,74184.0
The Conversation,4420000.0,4420000.0,,1600000.0,1974-04-07,,,Paramount Pictures,Original Screenplay,Thriller/Suspense,Contemporary Fiction,Francis Ford Coppola,98.0,8.1,33005.0
Cavite,70071.0,71644.0,,7000.0,2006-05-26,Not Rated,,Truly Indie,Original Screenplay,Thriller/Suspense,Contemporary Fiction,,,6.0,487.0
Copycat,32051917.0,32051917.0,,20000000.0,1995-10-27,R,,Warner Bros.,Original Screenplay,Thriller/Suspense,Contemporary Fiction,Jon Amiel,75.0,6.5,17182.0
Dark Angel,4372561.0,4372561.0,,7000000.0,1990-09-28,,,Triumph Releasing,Original Screenplay,Action,Science Fiction,,,5.3,3396.0
"Boot, Das",11487676.0,84970337.0,,12000000.0,1982-02-10,R,,Sony/Columbia,Based on Book/Short Story,Drama,Historical Fiction,Wolfgang Petersen,,4.3,2184.0
Desperado,25532388.0,25532388.0,,7000000.0,1995-08-25,R,,Sony Pictures,Original Screenplay,Action,Contemporary Fiction,Robert Rodriguez,61.0,7.0,51515.0
Dumb & Dumber,127175374.0,246400000.0,,16000000.0,1994-12-16,PG-13,,New Line,Original Screenplay,Comedy,Contemporary Fiction,Bobby Farrelly,,7.2,88093.0
Diamonds Are Forever,43800000.0,116000000.0,,7200000.0,1971-12-17,,,MGM,Based on Book/Short Story,Action,,Guy Hamilton,67.0,6.7,25354.0
The Dark Half,9579068.0,9579068.0,,15000000.0,1993-04-23,,,Orion Pictures,Based on Book/Short Story,Horror,Fantasy,George A. Romero,,5.7,5488.0
The Dark Hours,423.0,423.0,,400000.0,2005-10-13,R,,Freestyle Releasing,,Horror,,,,6.3,2804.0
Dante's Peak,67163857.0,178200000.0,,115000000.0,1997-02-07,PG-13,108.0,Universal,Original Screenplay,Drama,Contemporary Fiction,Roger Donaldson,28.0,5.6,23472.0
Daylight,32908290.0,158908290.0,,80000000.0,1996-12-06,PG-13,115.0,Universal,Original Screenplay,Action,Contemporary Fiction,Rob Cohen,22.0,5.4,20052.0
Dick Tracy,103738726.0,162738726.0,,47000000.0,1990-06-15,,,Walt Disney Pictures,Based on Comic/Graphic Novel,Action,Super Hero,Warren Beatty,65.0,5.9,25364.0
Decoys,84733.0,84733.0,,5000000.0,2004-02-27,R,,,,,,,,4.4,2486.0
Dawn of the Dead,5100000.0,55000000.0,,1500000.0,1979-04-20,,,United Film Distribution Co.,,Horror,,,,7.4,73875.0
The Addams Family,113502246.0,191502246.0,,30000000.0,1991-11-22,,,Paramount Pictures,Based on TV,Comedy,Fantasy,Barry Sonnenfeld,59.0,6.6,28907.0
Death Becomes Her,58422650.0,149022650.0,,55000000.0,1992-07-31,,,Universal,Original Screenplay,Comedy,Fantasy,Robert Zemeckis,53.0,6.0,27681.0
Def-Con 4,210904.0,210904.0,,1300000.0,1985-03-15,,,New World,Original Screenplay,Action,Science Fiction,,,3.8,639.0
Dead Poets' Society,95860116.0,239500000.0,,16400000.0,1989-06-02,,,Walt Disney Pictures,Original Screenplay,Drama,Contemporary Fiction,Peter Weir,86.0,7.8,89662.0
The Day the Earth Stood Still,3700000.0,3700000.0,,1200000.0,2003-03-04,,,,,,,,94.0,5.5,51517.0
Deep Throat,45000000.0,45000000.0,,25000.0,1972-06-30,,,,,,,,,5.2,3075.0
The Dead Zone,20766000.0,20766000.0,,10000000.0,1983-10-21,,,Paramount Pictures,Based on Book/Short Story,Horror,Fantasy,David Cronenberg,,7.3,19485.0
Die Hard 2,117323878.0,239814025.0,,70000000.0,1990-07-03,,,20th Century Fox,Based on Book/Short Story,Action,Contemporary Fiction,Renny Harlin,,7.0,79636.0
Die Hard: With a Vengeance,100012499.0,364480746.0,,90000000.0,1995-05-19,R,,20th Century Fox,Based on Book/Short Story,Action,Contemporary Fiction,John McTiernan,,7.4,87437.0
Dragonheart,51364680.0,104364680.0,,57000000.0,1996-05-31,PG-13,108.0,Universal,Original Screenplay,Adventure,Fantasy,Rob Cohen,50.0,6.2,26309.0
Die Hard,81350242.0,139109346.0,,28000000.0,1988-07-15,,,20th Century Fox,Based on Book/Short Story,Action,Contemporary Fiction,John McTiernan,94.0,7.3,237.0
Diner,12592907.0,12592907.0,,5000000.0,1982-04-02,,,MGM,Original Screenplay,Comedy,Historical Fiction,Barry Levinson,96.0,7.1,7803.0
Dil Jo Bhi Kahey...,129319.0,129319.0,,1600000.0,2005-09-23,Not Rated,,Eros Entertainment,Original Screenplay,Drama,,,,5.0,159.0
Don Juan DeMarco,22032635.0,22032635.0,,25000000.0,1995-04-07,PG-13,,New Line,Original Screenplay,Drama,Contemporary Fiction,,73.0,6.6,20386.0
Tales from the Crypt: Demon Knight,21089146.0,21089146.0,,12000000.0,1995-01-13,R,,Universal,Original Screenplay,Horror,Fantasy,,,6.4,6430.0
Damnation Alley,,,,17000000.0,1977-10-21,,,,,,,,,4.7,1655.0
Dead Man Walking,39387284.0,83088295.0,,11000000.0,1995-12-29,R,,Gramercy,Based on Real Life Events,Drama,Dramatization,Tim Robbins,94.0,7.6,32159.0
Dances with Wolves,184208842.0,424200000.0,,19000000.0,1990-11-09,,,Orion Pictures,Based on Book/Short Story,Western,Historical Fiction,Kevin Costner,76.0,8.0,71399.0
Dangerous Liaisons,34700000.0,34700000.0,,14000000.0,1988-12-21,,,Warner Bros.,Based on Book/Short Story,Drama,Historical Fiction,Stephen Frears,93.0,7.7,25761.0
Donovan's Reef,6600000.0,6600000.0,,2686000.0,1962-12-31,,,,,,,John Ford,60.0,6.6,2907.0
Due occhi diabolici,349618.0,349618.0,,9000000.0,1991-10-25,,,,,,,,,5.9,2059.0
Double Impact,29090445.0,29090445.0,,16000000.0,1991-08-09,,,Sony Pictures,Original Screenplay,Action,Contemporary Fiction,Sheldon Lettich,8.0,4.7,10426.0
The Doors,34167219.0,34167219.0,,40000000.0,1991-03-01,,,Sony Pictures,Based on Real Life Events,Drama,Dramatization,Oliver Stone,57.0,7.0,29750.0
Day of the Dead,5804262.0,34004262.0,,3500000.0,1985-07-03,,,United Film Distribution Co.,,Horror,,George A. Romero,78.0,4.5,8395.0
Days of Thunder,82670733.0,157670733.0,,60000000.0,1990-06-27,,,Paramount Pictures,Original Screenplay,Action,Contemporary Fiction,Tony Scott,40.0,5.4,25395.0
Dracula: Pages from a Virgin's Diary,39659.0,84788.0,,1100000.0,2003-05-14,Not Rated,,,,,,,,7.0,1013.0
Dolphin,14000.0,14000.0,,170000.0,1979-06-01,,,,Based on Real Life Events,Documentary,Factual,,,5.8,134.0
Death Race 2000,,,,300000.0,1975-04-01,R,,,Based on Book/Short Story,,Science Fiction,,84.0,6.1,10015.0
Drei,0.0,0.0,,7200000.0,1969-12-31,,,,,,,Tom Tykwer,,,
The Dress,16556.0,16556.0,,2650000.0,1998-01-16,Not Rated,,Attitude Films,Original Screenplay,Drama,,,,7.6,1844.0
The Deer Hunter,50000000.0,50000000.0,,15000000.0,1978-12-31,,,Universal,Original Screenplay,Drama,,Michael Cimino,,8.2,88095.0
Dragonslayer,6000000.0,6000000.0,,18000000.0,1981-06-26,,,Paramount Pictures,Original Screenplay,Action,Fantasy,,82.0,6.8,4945.0
Driving Miss Daisy,106593296.0,106593296.0,,7500000.0,1989-12-13,,,Warner Bros.,Based on Play,Drama,Historical Fiction,Bruce Beresford,78.0,7.5,22566.0
Dressed to Kill,31899000.0,31899000.0,,6500000.0,1980-01-01,,,,,,,Brian De Palma,84.0,7.1,9556.0
Do the Right Thing,26004026.0,26004026.0,,6000000.0,1989-06-30,,,Universal,Original Screenplay,Comedy,Contemporary Fiction,Spike Lee,98.0,7.9,26877.0
Dune,27447471.0,27447471.0,,45000000.0,1984-12-14,,,Universal,Based on Book/Short Story,Action,Science Fiction,David Lynch,62.0,6.5,38489.0
Dolphins and Whales Tribes of the Ocean 3D,7714996.0,17252287.0,,6000000.0,2008-02-15,Not Rated,,3D Entertainment,Based on Real Life Events,Documentary,Factual,,,,
Down & Out with the Dolls,58936.0,58936.0,,1200000.0,2003-03-21,R,,Indican Pictures,,,,,,5.8,75.0
Dream With The Fishes,542909.0,542909.0,,1000000.0,1997-06-20,R,,Sony Pictures Classics,Original Screenplay,Drama,Contemporary Fiction,,58.0,6.6,1188.0
Doctor Zhivago,111721000.0,111721000.0,,11000000.0,1965-12-22,PG-13,,MGM,Based on Book/Short Story,Drama,Historical Fiction,David Lean,84.0,8.0,27671.0
The Evil Dead,2400000.0,29400000.0,,375000.0,1983-04-15,NC-17,,New Line,,Horror,,Sam Raimi,,7.6,45030.0
Evil Dead II,5923044.0,5923044.0,,3500000.0,1987-03-13,,,Rosebud Releasing,,Horror,Fantasy,Sam Raimi,,7.9,44214.0
Army of Darkness,11502976.0,21502976.0,,11000000.0,1993-02-19,R,,Universal,,Horror,Fantasy,Sam Raimi,,7.6,55671.0
Ed and his Dead Mother,673.0,673.0,,1800000.0,1992-12-31,,,,,,,,50.0,5.6,829.0
Edward Scissorhands,53976987.0,53976987.0,,20000000.0,1990-12-07,,,20th Century Fox,Original Screenplay,Comedy,Fantasy,Tim Burton,91.0,8.0,102485.0
Ed Wood,5828466.0,5828466.0,,18000000.0,1994-09-30,R,,Walt Disney Pictures,Based on Book/Short Story,Comedy,Dramatization,Tim Burton,91.0,8.1,74171.0
The Egyptian,15000000.0,15000000.0,,5000000.0,1953-12-31,,,,,,,Michael Curtiz,,6.2,1097.0
Everyone Says I Love You,9725847.0,34600000.0,,20000000.0,1996-12-06,R,,Miramax,Original Screenplay,Musical,Contemporary Fiction,Woody Allen,80.0,6.8,16481.0
The Elephant Man,26010864.0,26010864.0,,5000000.0,1980-10-03,,,,,,,David Lynch,91.0,8.4,58194.0
Emma,22231658.0,37831658.0,,5900000.0,1996-08-02,PG,111.0,Miramax,Based on Book/Short Story,Romantic Comedy,Historical Fiction,,,6.8,13798.0
Star Wars Ep. V: The Empire Strikes Back,290271960.0,534171960.0,10027926.0,23000000.0,1980-05-21,PG,,20th Century Fox,Original Screenplay,Adventure,Science Fiction,,,,
Escape from New York,25244700.0,25244700.0,,6000000.0,1981-07-10,,,Avco Embassy,Original Screenplay,Action,Science Fiction,John Carpenter,82.0,7.1,34497.0
Escape from L.A.,25426861.0,25426861.0,,50000000.0,1996-08-09,R,101.0,Paramount Pictures,Original Screenplay,Action,Science Fiction,John Carpenter,56.0,5.3,23262.0
Escape from the Planet of the Apes,12300000.0,12300000.0,,2500000.0,1970-12-31,,,,,,Science Fiction,,78.0,6.1,7686.0
Eraser,101295562.0,234400000.0,,100000000.0,1996-06-21,R,115.0,Warner Bros.,Original Screenplay,Action,Contemporary Fiction,Chuck Russell,34.0,5.9,37287.0
Eraserhead,7000000.0,7000000.0,,100000.0,1976-12-31,,,,,,,David Lynch,90.0,7.4,26595.0
Everything You Always Wanted to Know,18016290.0,18016290.0,,2000000.0,1972-08-11,,,MGM,Based on Book/Short Story,Comedy,,Woody Allen,,,
ET: The Extra-Terrestrial,435110554.0,792910554.0,,10500000.0,1982-06-11,PG,,Universal,Original Screenplay,Drama,Science Fiction,Steven Spielberg,,7.9,105028.0
Excessive Force,1152117.0,1152117.0,,13000000.0,1993-05-14,,,,,,,,,4.7,537.0
Exorcist II: The Heretic,25011000.0,25011000.0,,14000000.0,1977-06-17,,,,,Horror,,John Boorman,,3.5,7849.0
Exotica,5046118.0,5046118.0,,1500000.0,1994-09-23,R,,Miramax,Original Screenplay,Drama,Contemporary Fiction,Atom Egoyan,96.0,7.1,8402.0
Force 10 from Navarone,7100000.0,7100000.0,,5000000.0,1978-12-22,,,Sony/Columbia,,Action,,Guy Hamilton,64.0,6.0,5917.0
A Farewell To Arms,11000000.0,11000000.0,,5000000.0,1956-12-31,,,,,,,John Huston,,6.6,1655.0
Fatal Attraction,156645693.0,320100000.0,,14000000.0,1987-09-18,,,Paramount Pictures,Original Screenplay,Thriller/Suspense,Contemporary Fiction,Adrian Lyne,81.0,6.8,22328.0
Family Plot,13200000.0,13200000.0,,3000000.0,1976-04-09,,,Universal,,,,Alfred Hitchcock,95.0,6.8,7290.0
Fabled,31425.0,31425.0,,400000.0,2004-12-10,R,,Indican Pictures,Original Screenplay,Horror,,Ari S. Kirschenbaum,,5.4,146.0
Fetching Cody,0.0,0.0,,1500000.0,2006-03-17,,,,Original Screenplay,Comedy,Science Fiction,,,6.7,535.0
The French Connection,41158757.0,41158757.0,,2200000.0,1971-10-09,,,,,,,William Friedkin,98.0,7.9,33674.0
From Dusk Till Dawn,25728961.0,25728961.0,,20000000.0,1996-01-19,R,107.0,Miramax/Dimension,Original Screenplay,Horror,Fantasy,Robert Rodriguez,63.0,7.1,80234.0
Friday the 13th,39754601.0,59754601.0,,550000.0,1980-05-09,,,Paramount Pictures,,Horror,,,60.0,5.6,26798.0
Friday the 13th Part 3,36690067.0,36690067.0,,2250000.0,1982-08-13,,,Paramount Pictures,,Horror,Contemporary Fiction,Steve Miner,14.0,5.5,13395.0
Friday the 13th Part IV: The Final Chapter,32980880.0,32980880.0,,2600000.0,1984-04-13,,,Paramount Pictures,,Horror,Fantasy,,,,
Friday the 13th Part V: A New Beginning,21930418.0,21930418.0,,2200000.0,1985-03-22,,,Paramount Pictures,,Horror,Contemporary Fiction,,,,
Friday the 13th Part VI: Jason Lives,19472057.0,19472057.0,,3000000.0,1986-08-01,,,Paramount Pictures,,Horror,Fantasy,,,,
Friday the 13th Part VII: The New Blood,19170001.0,19170001.0,,2800000.0,1988-05-13,,,Paramount Pictures,,Horror,Fantasy,,,4.6,8916.0
Friday the 13th Part VIII: Jason Takes Manhattan,14343976.0,14343976.0,,5000000.0,1989-07-28,,,Paramount Pictures,,Horror,Fantasy,,,3.9,10113.0
Jason Goes to Hell: The Final Friday,15935068.0,15935068.0,,3000000.0,1993-08-13,,,New Line,,Horror,Fantasy,,,4.1,8733.0
Per qualche dollaro in pi˘,4300000.0,4300000.0,,600000.0,1967-05-10,,,MGM,Original Screenplay,Western,Historical Fiction,Sergio Leone,,8.2,44204.0
Per un pugno di dollari,3500000.0,3500000.0,,200000.0,1967-01-18,,,United Artists,Remake,Western,Historical Fiction,Sergio Leone,,8.0,39929.0
The Fall of the Roman Empire,4750000.0,4750000.0,,19000000.0,1964-01-01,,,,,,,,100.0,6.6,3184.0
Friday the 13th Part 2,21722776.0,21722776.0,,1250000.0,1981-04-30,,,,,Horror,,Steve Miner,33.0,5.5,13395.0
Faithful,2104439.0,2104439.0,,13000000.0,1996-04-05,R,,New Line,Based on Play,Black Comedy,Contemporary Fiction,Paul Mazursky,7.0,5.7,989.0
Fair Game,11497497.0,11497497.0,,50000000.0,1995-11-03,R,,Warner Bros.,Based on Book/Short Story,Action,Contemporary Fiction,,13.0,6.6,194.0
A Few Good Men,141340178.0,236500000.0,,33000000.0,1992-12-11,,,Sony Pictures,Based on Play,Drama,Contemporary Fiction,Rob Reiner,83.0,7.6,63541.0
The Fugitive,183875760.0,368900000.0,,44000000.0,1993-08-06,PG-13,,Warner Bros.,Based on TV,Thriller/Suspense,Contemporary Fiction,Andrew Davis,94.0,7.8,96914.0
From Here to Eternity,30500000.0,30500000.0,,1650000.0,1953-08-05,,,,,,,Fred Zinnemann,86.0,7.9,15115.0
First Morning,87264.0,87264.0,,300000.0,2005-07-15,PG-13,90.0,Illuminare,,Drama,,,,,
Shooting Fish,302204.0,302204.0,,4000000.0,1998-05-01,PG,,Fox Searchlight,,,,,,6.4,4849.0
F.I.S.T,20388920.0,20388920.0,,11000000.0,1978-04-13,,,United Artists,Based on Real Life Events,Drama,Dramatization,Norman Jewison,,6.2,2737.0
Flashdance,90463574.0,201463574.0,,7000000.0,1983-04-15,,,Paramount Pictures,Original Screenplay,Drama,Contemporary Fiction,Adrian Lyne,29.0,5.6,12485.0
Fled,17192205.0,19892205.0,,30000000.0,1996-07-19,R,98.0,MGM,Original Screenplay,Action,Contemporary Fiction,,14.0,4.9,4215.0
Flash Gordon,27107960.0,27107960.0,,35000000.0,1980-12-05,,,Universal,Based on Comic/Graphic Novel,Action,Science Fiction,,81.0,6.2,14894.0
The Flintstones,130531208.0,358500000.0,,45000000.0,1994-05-27,PG,,Universal,Based on TV,Comedy,Historical Fiction,Brian Levant,20.0,4.6,26521.0
Flight of the Intruder,14471440.0,14471440.0,,35000000.0,1991-01-18,,,Paramount Pictures,Based on Book/Short Story,Action,Historical Fiction,John Milius,,5.3,2592.0
Flatliners,61308153.0,61308153.0,,26000000.0,1990-08-10,R,,Sony Pictures,Original Screenplay,Thriller/Suspense,Science Fiction,Joel Schumacher,52.0,6.4,23295.0
The Flower of Evil,181798.0,181798.0,,6000000.0,2003-10-10,R,,,,,,,64.0,,
Funny Ha Ha,77070.0,77070.0,,30000.0,2005-04-29,Not Rated,,Goodbye Cruel Releasing,Original Screenplay,Comedy,,,,6.1,1138.0
The Funeral,1212799.0,1412799.0,,12500000.0,1996-11-01,R,,October Films,Original Screenplay,Drama,Historical Fiction,Abel Ferrara,83.0,6.4,4084.0
Fantasia,83320000.0,83320000.0,,2280000.0,2040-11-13,,,Walt Disney Pictures,Compilation,Musical,Multiple Creative Types,,98.0,7.8,29914.0
Fantasia 2000 (IMAX),60507228.0,60507228.0,,80000000.0,2000-01-01,G,75.0,Walt Disney Pictures,Compilation,Musical,Kids Fiction,,,,
The Fog,21378361.0,21378361.0,,1000000.0,1980-02-01,,,Avco Embassy,,Horror,,John Carpenter,69.0,3.3,15760.0
Forrest Gump,329694499.0,679400525.0,,55000000.0,1994-07-06,PG-13,,Paramount Pictures,Based on Book/Short Story,Drama,Historical Fiction,Robert Zemeckis,70.0,8.6,300455.0
Fortress,6730578.0,46730578.0,,12000000.0,1993-09-03,,,Miramax,Original Screenplay,Action,Science Fiction,,36.0,5.5,7026.0
Fiddler on the Roof,80500000.0,80500000.0,,9000000.0,1971-01-01,,,United Artists,Based on Musical/Opera,Musical,Historical Fiction,Norman Jewison,88.0,7.7,14260.0
The Front Page,15000000.0,15000000.0,,4000000.0,1974-12-17,,,Universal,Based on Play,Comedy,Contemporary Fiction,Billy Wilder,67.0,7.2,3875.0
First Blood,47212904.0,125212904.0,,14000000.0,1982-10-22,R,,Orion Pictures,Based on Book/Short Story,Action,Contemporary Fiction,Ted Kotcheff,,7.4,56369.0
Friday,27467564.0,27936778.0,,3500000.0,1995-04-26,R,,New Line,Original Screenplay,Comedy,Contemporary Fiction,F. Gary Gray,77.0,7.0,21623.0
Freeze Frame,0.0,91062.0,,2000000.0,2004-12-10,R,,First Look,Original Screenplay,Thriller/Suspense,Contemporary Fiction,,83.0,6.3,1723.0
Firefox,45785720.0,45785720.0,,21000000.0,1982-06-18,,,Warner Bros.,Based on Book/Short Story,Action,Science Fiction,Clint Eastwood,42.0,5.6,9348.0
Fargo,24567751.0,51204567.0,,7000000.0,1996-03-08,R,87.0,Gramercy,Based on Real Life Events,Thriller/Suspense,Contemporary Fiction,Joel Coen,94.0,8.3,165159.0
First Knight,37361412.0,127361412.0,,75000000.0,1995-07-07,PG-13,,Sony Pictures,Traditional/Legend/Fairytale,Drama,Historical Fiction,Jerry Zucker,45.0,5.6,20928.0
From Russia With Love,24800000.0,78900000.0,,2000000.0,1964-04-08,,,MGM,Based on Book/Short Story,Action,,,,7.5,32541.0
The Firm,158340892.0,270340892.0,,42000000.0,1993-06-30,R,,Paramount Pictures,Based on Book/Short Story,Thriller/Suspense,Contemporary Fiction,Sydney Pollack,76.0,5.5,957.0
Frenzy,12600000.0,12600000.0,,3500000.0,1972-06-21,,,Universal,,,,Alfred Hitchcock,87.0,7.5,13093.0
Footloose,80000000.0,80000000.0,,8200000.0,1984-02-17,,,Paramount Pictures,Original Screenplay,Musical,Contemporary Fiction,Herbert Ross,56.0,6.0,15626.0
Fast Times at Ridgemont High,27092880.0,27092880.0,,4500000.0,1982-08-13,,,Universal,Based on Book/Short Story,Comedy,Contemporary Fiction,Amy Heckerling,80.0,7.2,31362.0
Fighting Tommy Riley,10514.0,10514.0,,300000.0,2005-05-06,R,,Freestyle Releasing,Original Screenplay,Drama,,,,6.6,499.0
The First Wives Club,105489203.0,181489203.0,,30000000.0,1996-09-20,PG,90.0,Paramount Pictures,Based on Book/Short Story,Comedy,Contemporary Fiction,Hugh Wilson,41.0,5.6,14682.0
Flirting with Disaster,14853474.0,14853474.0,,7000000.0,1996-03-22,R,,Miramax,Original Screenplay,Comedy,Contemporary Fiction,David O. Russell,86.0,6.7,8474.0
For Your Eyes Only,54800000.0,195300000.0,,28000000.0,1981-06-26,,,MGM,Based on Book/Short Story,Action,Contemporary Fiction,John Glen,71.0,6.8,23527.0
Fiza,623791.0,1179462.0,,1000000.0,2000-09-08,Not Rated,,Video Sound,Original Screenplay,Drama,Contemporary Fiction,,,6.5,749.0
Grip: A Criminal's Story,1336.0,1336.0,,12000.0,2006-04-28,Not Rated,,JeTi Films,Original Screenplay,Action,Contemporary Fiction,,,,
The Ghost and the Darkness,38564422.0,38564422.0,,55000000.0,1996-10-11,R,109.0,Paramount Pictures,Based on Real Life Events,Action,Dramatization,Stephen Hopkins,51.0,6.6,19735.0
Gallipoli,5732587.0,5732587.0,,3000000.0,1981-08-28,,,,,,,Peter Weir,86.0,7.7,14139.0
Gabriela,2335352.0,2335352.0,,50000.0,2001-03-16,R,,Power Point Films,Original Screenplay,Drama,Contemporary Fiction,,,5.5,1399.0
"Il buono, il brutto, il cattivo",6100000.0,6100000.0,,1200000.0,1967-12-29,,,United Artists,Original Screenplay,Western,Historical Fiction,Sergio Leone,,6.8,104.0
Graduation Day,23894000.0,23894000.0,,250000.0,1981-05-01,,,,,Thriller/Suspense,,,,3.0,836.0
The Godfather: Part II,57300000.0,57300000.0,,13000000.0,1974-12-11,,,Paramount Pictures,,,Historical Fiction,Francis Ford Coppola,,9.0,245271.0
The Godfather: Part III,66520529.0,66520529.0,,54000000.0,1990-12-25,,,Paramount Pictures,,Drama,Historical Fiction,Francis Ford Coppola,,7.6,82977.0
Goodfellas,46743809.0,46743809.0,,25000000.0,1990-09-19,,,Warner Bros.,Based on Book/Short Story,Drama,Dramatization,Martin Scorsese,97.0,8.8,229156.0
The Godfather,134966411.0,268500000.0,,7000000.0,1972-03-15,,,Paramount Pictures,,,Historical Fiction,Francis Ford Coppola,100.0,9.2,411088.0
God's Army,2637726.0,2652515.0,,300000.0,2000-03-10,PG,,Excel Entertainment,Original Screenplay,Drama,Contemporary Fiction,,50.0,6.8,638.0
The Great Escape,11744471.0,11744471.0,,4000000.0,1963-08-08,,,MGM,,,,John Sturges,91.0,8.4,62074.0
Gory Gory Hallelujah,12604.0,12604.0,,425000.0,2005-01-21,Not Rated,100.0,Indican Pictures,Original Screenplay,Musical,,Sue Corcoran,,5.2,134.0
Ghost,217631306.0,517600000.0,,22000000.0,1990-07-13,,,Paramount Pictures,Original Screenplay,Drama,Fantasy,Jerry Zucker,81.0,6.9,51125.0
Ghostbusters,238632124.0,291632124.0,,30000000.0,1984-06-08,PG,,Sony Pictures,Original Screenplay,Comedy,Science Fiction,Ivan Reitman,,6.8,358.0
Girl 6,4880941.0,4880941.0,,12000000.0,1996-03-22,R,,Fox Searchlight,Original Screenplay,Comedy,Contemporary Fiction,Spike Lee,34.0,4.9,3348.0
Goldeneye,106429941.0,356429941.0,,60000000.0,1995-11-17,PG-13,,MGM,Based on Book/Short Story,Action,Contemporary Fiction,Martin Campbell,80.0,7.2,69199.0
The Glimmer Man,20404841.0,36404841.0,,45000000.0,1996-10-04,R,92.0,Warner Bros.,Original Screenplay,Action,Contemporary Fiction,,13.0,4.9,7230.0
Glory,26593580.0,26593580.0,,18000000.0,1989-12-14,,,Sony Pictures,Based on Book/Short Story,Action,Dramatization,Edward Zwick,93.0,8.0,56427.0
The Gambler,51773.0,101773.0,,3000000.0,1999-08-04,R,,,,Drama,,,,6.1,199.0
Good Morning Vietnam,123922370.0,123922370.0,,13000000.0,1987-12-23,,,Walt Disney Pictures,Original Screenplay,Comedy,Historical Fiction,Barry Levinson,,7.2,32609.0
Gandhi,52767889.0,52767889.0,,22000000.0,1982-12-08,,,Sony Pictures,Based on Real Life Events,Drama,Dramatization,Sir Richard Attenborough,85.0,8.2,50881.0
A Guy Named Joe,5363000.0,5363000.0,,2627000.0,2043-12-24,,,MGM,Original Screenplay,Drama,,,,6.9,869.0
Gentleman's Agreement,7800000.0,7800000.0,,2000000.0,1946-12-31,,,,,,,Elia Kazan,83.0,7.4,4637.0
Goodbye Bafana,0.0,2717302.0,,30000000.0,2007-12-14,,,Paramount Vantage,Based on Book/Short Story,Drama,Dramatization,Bille August,,7.0,3631.0
Get on the Bus,5691854.0,5691854.0,,2400000.0,1996-10-16,R,,Sony Pictures,Based on Real Life Events,Drama,Historical Fiction,Spike Lee,87.0,6.7,2701.0
The Golden Child,79817937.0,79817937.0,,12000000.0,1986-12-12,,,Paramount Pictures,Original Screenplay,Action,Fantasy,Michael Ritchie,26.0,5.4,14471.0
Good Dick,28835.0,28835.0,,200000.0,2008-10-10,R,,Present Pictures/Morning Knight,Original Screenplay,Drama,Contemporary Fiction,,,6.4,3004.0
Goldfinger,51100000.0,124900000.0,,3000000.0,1964-12-22,,,MGM,Based on Book/Short Story,Action,,Guy Hamilton,96.0,7.9,47095.0
Groundhog Day,70906973.0,70906973.0,,14600000.0,1993-02-12,PG,,Sony/Columbia,Original Screenplay,Comedy,Fantasy,Harold Ramis,96.0,8.2,134964.0
Gremlins,148168459.0,148168459.0,,11000000.0,1984-06-08,,,Warner Bros.,Original Screenplay,Comedy,Fantasy,Joe Dante,78.0,7.0,42163.0
Get Real,1152411.0,1152411.0,,2000000.0,1999-04-30,R,,Paramount Pictures,Based on Play,Comedy,Contemporary Fiction,,,7.5,6026.0
Gremlins 2: The New Batch,41476097.0,41476097.0,,50000000.0,1990-06-15,,,Warner Bros.,Original Screenplay,Comedy,Fantasy,Joe Dante,,6.1,22712.0
The Greatest Story Ever Told,15473333.0,15473333.0,,20000000.0,1965-02-15,G,,MGM,Based on Book/Short Story,Drama,,David Lean,39.0,6.3,3300.0
The Gospel of John,4068087.0,4068087.0,,11000000.0,2003-09-26,PG-13,,ThinkFilm,Original Screenplay,Drama,Dramatization,,,,
The Greatest Show on Earth,36000000.0,36000000.0,,4000000.0,1952-01-10,,,,,,,,41.0,6.8,4264.0
The First Great Train Robbery,391942.0,391942.0,,6000000.0,1979-02-02,,,United Artists,Based on Book/Short Story,Action,,Michael Crichton,,6.9,5141.0
Get Shorty,72021008.0,115021008.0,,30250000.0,1995-10-20,R,,MGM,Based on Book/Short Story,Comedy,Contemporary Fiction,Barry Sonnenfeld,86.0,6.9,33364.0
Gettysburg,10731997.0,10731997.0,,25000000.0,1993-10-08,,,New Line,,Drama,,,87.0,7.6,11215.0
Guiana 1838,227241.0,227241.0,,1000000.0,2004-09-24,Not Rated,,RBC Radio,Based on Real Life Events,Drama,Dramatization,,,,
Gone with the Wind,198680470.0,390525192.0,,3900000.0,2039-12-15,G,222.0,MGM,Based on Book/Short Story,Drama,Historical Fiction,George Cukor,97.0,8.2,78947.0
Happiness,2746453.0,5746453.0,,3000000.0,1998-10-16,Not Rated,,Good Machine Releasing,Original Screenplay,Comedy,Contemporary Fiction,Todd Solondz,84.0,6.5,64.0
Harley Davidson and the Marlboro Man,7018525.0,7018525.0,,23000000.0,1991-08-23,,,MGM,Original Screenplay,Action,Science Fiction,Simon Wincer,27.0,5.3,6995.0
Heavy Metal,19571091.0,19571091.0,,9300000.0,1981-08-07,,,Sony/Columbia,Based on Comic/Graphic Novel,Adventure,Science Fiction,,60.0,6.0,45.0
Hell's Angels,,,,4000000.0,1929-12-31,,,,,,,,90.0,7.9,2050.0
Heartbeeps,6000000.0,6000000.0,,10000000.0,1981-12-18,,,Universal,Original Screenplay,Comedy,Science Fiction,,,4.1,620.0
The Helix...  Loaded,3700.0,3700.0,,1000000.0,2005-03-18,R,,Romar,Original Screenplay,Comedy,,,,1.5,486.0
Hang 'em High,6800000.0,6800000.0,,1800000.0,1968-08-03,,,United Artists,Original Screenplay,Western,Historical Fiction,,93.0,6.9,10292.0
Hellraiser,14564000.0,14564000.0,,1000000.0,1987-09-18,,,New World,Based on Book/Short Story,Horror,Fantasy,,63.0,7.0,22442.0
Hero,19487173.0,66787173.0,,42000000.0,1992-10-02,,,Sony Pictures,Original Screenplay,Comedy,Contemporary Fiction,Stephen Frears,,6.4,323.0
Highlander III: The Sorcerer,13738574.0,13738574.0,,26000000.0,1995-01-27,PG-13,,Miramax,Original Screenplay,Action,Fantasy,,,3.8,7763.0
Highlander,5900000.0,12900000.0,,16000000.0,1986-03-07,R,,20th Century Fox,Original Screenplay,Action,Fantasy,Russell Mulcahy,66.0,7.2,40802.0
How Green Was My Valley,0.0,0.0,,1250000.0,2041-10-28,,,20th Century Fox,Based on Book/Short Story,,,John Ford,88.0,7.9,7420.0
High Noon,8000000.0,8000000.0,,730000.0,1951-12-31,,,,,,,Fred Zinnemann,95.0,8.3,34163.0
History of the World: Part I,31672000.0,31672000.0,,11000000.0,1981-06-12,,,20th Century Fox,Original Screenplay,Comedy,Historical Fiction,Mel Brooks,,6.5,16691.0
"Hello, Dolly",33208099.0,33208099.0,,24000000.0,1969-12-16,,,,,,,,,4.4,254.0
Halloween II,25533818.0,25533818.0,,2500000.0,1981-10-30,,,Universal,,Horror,Contemporary Fiction,Rick Rosenthal,27.0,4.9,12197.0
Halloween 3: Season of the Witch,14400000.0,14400000.0,,2500000.0,1982-10-22,,,Universal,,Horror,Contemporary Fiction,,,3.8,12644.0
Halloween 4: The Return of Michael Myers,17768757.0,17768757.0,,5000000.0,1988-10-01,,,Universal,,Horror,Fantasy,Dwight H. Little,23.0,5.6,11079.0
Halloween 5: The Revenge of Michael Myers,11642254.0,11642254.0,,6000000.0,1989-10-13,,,Galaxy International Releasing,,Horror,Fantasy,,14.0,,
Halloween:  The Curse of Michael Myers,15126948.0,15126948.0,,5000000.0,1995-09-29,R,,Miramax,,Horror,Contemporary Fiction,,,4.4,8576.0
Halloween,47000000.0,70000000.0,,325000.0,1978-10-17,,,,,Horror,,John Carpenter,93.0,6.0,39866.0
Home Alone 2: Lost in New York,173585516.0,358994850.0,,20000000.0,1992-11-20,PG,,20th Century Fox,Original Screenplay,Comedy,Contemporary Fiction,Chris Columbus,21.0,5.8,51408.0
Home Alone,285761243.0,476684675.0,,15000000.0,1990-11-16,PG,,20th Century Fox,Original Screenplay,Comedy,Contemporary Fiction,Chris Columbus,47.0,7.0,79080.0
Home Movies,89134.0,89134.0,,400000.0,1980-05-16,,,,,,,,,5.3,291.0
Hum to Mohabbt Karega,121807.0,121807.0,,2000000.0,2000-05-26,Not Rated,,,,Drama,,,,3.6,74.0
The Hotel New Hampshire,5142858.0,5142858.0,,7500000.0,1984-03-09,,,Orion Pictures,Based on Book/Short Story,Drama,Contemporary Fiction,,69.0,5.8,4387.0
Henry V,10161099.0,10161099.0,,9000000.0,1989-11-08,PG-13,,Goldwyn Entertainment,Based on Play,Action,Historical Fiction,Kenneth Branagh,100.0,7.9,14499.0
Housefull,1183658.0,14883658.0,,10100000.0,2010-04-30,,,Eros Entertainment,,,,,,4.6,687.0
Hook,119654823.0,300854823.0,,70000000.0,1991-12-11,,,Sony Pictures,Based on Book/Short Story,Adventure,Kids Fiction,Steven Spielberg,24.0,6.2,60159.0
House Party 2,19438638.0,19438638.0,,5000000.0,1991-10-23,,,New Line,Original Screenplay,Comedy,Contemporary Fiction,,25.0,4.3,1596.0
Hocus Pocus,39360491.0,39360491.0,,28000000.0,1993-07-16,,,Walt Disney Pictures,Original Screenplay,Comedy,Fantasy,,29.0,6.0,15893.0
The Howling,17985000.0,17985000.0,,1000000.0,1981-04-10,,,,,,,Joe Dante,60.0,6.5,8731.0
High Plains Drifter,15700000.0,15700000.0,,15700000.0,1972-01-01,,,Universal,Original Screenplay,Western,Historical Fiction,Clint Eastwood,,7.6,15718.0
Hoop Dreams,7768371.0,11768371.0,,700000.0,1994-10-14,PG-13,,Fine Line,Based on Real Life Events,Documentary,Factual,,98.0,8.0,9492.0
Happy Gilmore,38623460.0,38623460.0,,10000000.0,1996-02-16,PG-13,92.0,Universal,Original Screenplay,Comedy,Contemporary Fiction,Dennis Dugan,58.0,6.9,54111.0
The Hudsucker Proxy,2816518.0,14938149.0,,40000000.0,1994-03-11,PG,,Warner Bros.,Original Screenplay,Comedy,,Joel Coen,58.0,7.4,32344.0
A Hard Day's Night,12299668.0,12299668.0,,560000.0,1964-08-11,,,Universal,Original Screenplay,Comedy,Contemporary Fiction,,100.0,7.6,15291.0
Heroes,655538.0,655538.0,,400000.0,2008-10-24,R,,Eros Entertainment,Original Screenplay,Adventure,Contemporary Fiction,,,6.1,505.0
The Hunt for Red October,120709866.0,200500000.0,,30000000.0,1990-03-02,,,Paramount Pictures,Based on Book/Short Story,Thriller/Suspense,Historical Fiction,John McTiernan,95.0,7.6,55202.0
Harper,12000000.0,12000000.0,,3500000.0,1966-02-23,,,,,,,,,7.0,2395.0
Harriet the Spy,26570048.0,26570048.0,,13000000.0,1996-07-10,PG,101.0,Paramount Pictures,Based on Book/Short Story,Adventure,Kids Fiction,,45.0,5.8,2963.0
Le hussard sur le toit,1320043.0,1320043.0,,35000000.0,1996-04-19,R,,Miramax,Based on Book/Short Story,Drama,Historical Fiction,,,6.9,3083.0
The Hustler,7600000.0,7600000.0,,2000000.0,1961-09-25,,,,,,,,97.0,8.1,25385.0
Hud,10000000.0,10000000.0,,2500000.0,1963-05-29,,,,,,,Martin Ritt,79.0,3.4,93.0
Hudson Hawk,17218916.0,17218916.0,,65000000.0,1991-05-24,,,Sony Pictures,Original Screenplay,Action,Contemporary Fiction,Michael Lehmann,20.0,5.3,21920.0
Heaven's Gate,3484331.0,3484331.0,,44000000.0,1980-11-19,,,,,,,Michael Cimino,,6.5,4649.0
Hav Plenty,2301777.0,2301777.0,,650000.0,1998-06-19,R,,Miramax,Original Screenplay,Comedy,Contemporary Fiction,,,5.6,580.0
House of Wax,23800000.0,23800000.0,,658000.0,1953-04-10,R,,,,,,,94.0,5.4,32159.0
Hawaii,34562222.0,34562222.0,,15000000.0,1966-10-10,,,MGM,,,,George Roy Hill,,6.4,1153.0
Howard the Duck,16295774.0,16295774.0,,30000000.0,1986-08-01,,,Universal,Based on Comic/Graphic Novel,Action,Science Fiction,,16.0,4.1,16051.0
High Anxiety,31063038.0,31063038.0,,3400000.0,1977-12-23,,,,,,,Mel Brooks,73.0,6.5,7025.0
Hybrid,162605.0,162605.0,,200000.0,2002-05-10,Not Rated,,Indican Pictures,Based on Real Life Events,Documentary,Factual,,,2.2,380.0
It's a Wonderful Life,6600000.0,6600000.0,19339789.0,3180000.0,1945-12-31,,,,,,,Frank Capra,94.0,8.7,101499.0
The Ice Pirates,13075390.0,13075390.0,,9000000.0,1984-03-16,,,MGM/UA Classics,Original Screenplay,Comedy,Science Fiction,,11.0,5.1,3600.0
Independence Day,306169255.0,817400878.0,,75000000.0,1996-07-02,PG-13,145.0,20th Century Fox,Original Screenplay,Adventure,Science Fiction,Roland Emmerich,61.0,6.5,149493.0
The Island of Dr. Moreau,27682712.0,27682712.0,,40000000.0,1996-08-23,PG-13,95.0,New Line,Based on Book/Short Story,Adventure,Science Fiction,John Frankenheimer,23.0,4.1,13770.0
Iraq for Sale: The War Profiteers,0.0,0.0,,775000.0,2006-09-08,,,,Based on Real Life Events,Documentary,Factual,,100.0,7.8,854.0
In Her Line of Fire,884.0,884.0,,1000000.0,2006-04-21,R,,Regent Releasing,Original Screenplay,Action,Contemporary Fiction,,,3.5,337.0
The Indian in the Cupboard,35627222.0,35627222.0,,45000000.0,1995-07-14,PG,,Paramount Pictures,Based on Book/Short Story,Adventure,Kids Fiction,Frank Oz,68.0,5.7,4836.0
I Love You Ö Don't Touch Me!,33598.0,33598.0,,68000.0,1998-02-20,,,MGM,,,,,,5.6,298.0
Illuminata,836641.0,836641.0,,10000000.0,1999-08-06,R,,Artisan,Based on Play,Drama,Historical Fiction,,,6.1,1100.0
In Cold Blood,13000000.0,13000000.0,,3500000.0,1966-12-31,,,,,,,Richard Brooks,88.0,8.1,10562.0
In the Company of Men,2883661.0,2883661.0,,25000.0,1997-08-01,R,,Sony Pictures Classics,Based on Play,Drama,Contemporary Fiction,Neil LaBute,89.0,7.2,7601.0
The Inkwell,8864699.0,8864699.0,,8000000.0,1994-04-22,R,,Walt Disney Pictures,Original Screenplay,Comedy,Historical Fiction,,29.0,5.7,542.0
Invaders from Mars,4884663.0,4984663.0,,12000000.0,1986-06-06,,,Cannon,Remake,Horror,Science Fiction,Tobe Hooper,27.0,5.0,1933.0
L'incomparable mademoiselle C.,493905.0,493905.0,,3400000.0,2004-04-23,Not Rated,,,,,,,,6.1,66.0
Intolerance,,,,385907.0,2016-09-05,,,,,,,,96.0,,
The Island,15716828.0,15716828.0,,22000000.0,1980-06-13,PG-13,138.0,Universal,Based on Book/Short Story,Adventure,Contemporary Fiction,Michael Ritchie,,6.9,82601.0
Eye See You,79161.0,1807990.0,,55000000.0,2002-09-20,Not Rated,,,,,,,,5.1,397.0
In the Heat of the Night,24379978.0,24379978.0,,2000000.0,1967-08-02,,,MGM,,,,Norman Jewison,96.0,8.1,22429.0
Jack,58617334.0,58617334.0,,45000000.0,1996-08-09,PG-13,113.0,Walt Disney Pictures,Original Screenplay,Drama,Contemporary Fiction,Francis Ford Coppola,17.0,5.3,17267.0
Jade,9812870.0,9812870.0,,50000000.0,1995-10-13,R,,Paramount Pictures,Original Screenplay,Thriller/Suspense,Contemporary Fiction,William Friedkin,16.0,4.8,5279.0
Jingle All the Way,60592389.0,129832389.0,,60000000.0,1996-11-22,PG,89.0,20th Century Fox,Original Screenplay,Comedy,Kids Fiction,Brian Levant,16.0,4.9,22928.0
Dr. No,16067035.0,59567035.0,,1000000.0,1963-05-08,,,MGM,Based on Book/Short Story,Action,,,,7.3,36019.0
The Jungle Book,44342956.0,44342956.0,,27000000.0,1994-12-25,PG,,Walt Disney Pictures,Based on Book/Short Story,Adventure,Historical Fiction,Stephen Sommers,,5.8,5564.0
Judge Dredd,34687912.0,113487912.0,,85000000.0,1995-06-30,R,,Walt Disney Pictures,Based on Comic/Graphic Novel,Action,Science Fiction,,15.0,4.9,30736.0
The Jerky Boys,7555256.0,7555256.0,,4000000.0,1995-02-03,R,,Walt Disney Pictures,Original Screenplay,Comedy,Contemporary Fiction,,10.0,3.9,1481.0
Jefferson in Paris,2461628.0,2461628.0,,14000000.0,1995-03-31,PG-13,,Walt Disney Pictures,Based on Real Life Events,Drama,Dramatization,James Ivory,36.0,5.6,1464.0
JFK,70405498.0,205400000.0,,40000000.0,1991-12-20,R,,Warner Bros.,Based on Book/Short Story,Drama,Dramatization,Oliver Stone,83.0,8.0,59684.0
Journey from the Fall,635305.0,635305.0,,1300000.0,2007-03-23,R,,Imaginasian,Original Screenplay,Drama,Historical Fiction,,92.0,7.2,586.0
Jekyll and Hyde... Together Again,3707583.0,3707583.0,,5000000.0,1982-08-27,,,Universal,Based on Book/Short Story,Comedy,Science Fiction,,,5.5,486.0
Jumanji,100458310.0,262758310.0,,65000000.0,1995-12-15,PG,,Sony Pictures,Based on Book/Short Story,Adventure,Fantasy,Joe Johnston,48.0,6.4,54973.0
The Juror,22730924.0,22730924.0,,44000000.0,1996-02-02,R,120.0,Sony Pictures,Based on Book/Short Story,Thriller/Suspense,Contemporary Fiction,,16.0,5.3,6482.0
Jerusalema,7294.0,7294.0,,2000000.0,2010-06-11,R,,Anchor Bay Entertainment,Original Screenplay,,Historical Fiction,,,7.9,6777.0
Jurassic Park,357067947.0,923067947.0,,63000000.0,1993-06-10,PG-13,,Universal,Based on Book/Short Story,Action,Science Fiction,Steven Spielberg,87.0,7.9,151365.0
Johnny Suede,55000.0,55000.0,,500000.0,1990-12-31,,,Miramax,Original Screenplay,Drama,,,,5.8,1587.0
Jaws,260000000.0,470700000.0,,12000000.0,1975-06-20,PG,,Universal,Based on Book/Short Story,Horror,Contemporary Fiction,Steven Spielberg,100.0,8.3,138017.0
Jaws 2,102922376.0,208900376.0,,20000000.0,1978-06-16,PG,,Universal,Based on Book/Short Story,Horror,Contemporary Fiction,,56.0,5.6,18793.0
Jaws 4: The Revenge,15728335.0,15728335.0,,23000000.0,1987-07-17,PG-13,,Universal,Based on Book/Short Story,Horror,Contemporary Fiction,,,2.6,15632.0
Kabhi Alvida Naa Kehna,3275443.0,32575443.0,,10750000.0,2006-08-11,Not Rated,,Yash Raj Films,Original Screenplay,Drama,Contemporary Fiction,,67.0,5.6,4128.0
Kickboxer,14533681.0,14533681.0,,1500000.0,1989-09-08,,,Cannon,Original Screenplay,Action,Contemporary Fiction,Mark DiSalle,,5.5,11692.0
Kids,7412216.0,20412216.0,,1500000.0,1995-07-21,Not Rated,90.0,Shining Excalibur,Original Screenplay,Drama,Contemporary Fiction,,50.0,6.7,26122.0
Kingpin,25023424.0,32223424.0,,25000000.0,1996-07-26,R,113.0,MGM,Original Screenplay,Comedy,Contemporary Fiction,Bobby Farrelly,51.0,6.7,28404.0
Kindergarten Cop,91457688.0,202000000.0,,26000000.0,1990-12-21,,,Universal,Original Screenplay,Comedy,Contemporary Fiction,Ivan Reitman,50.0,5.8,40433.0
King Kong (1933),10000000.0,10000000.0,,670000.0,2033-04-07,,100.0,,,,,,,,
King Kong,52614445.0,90614445.0,,23000000.0,1976-12-17,,,,,,,John Guillermin,46.0,7.6,132720.0
Kiss of Death,14942422.0,14942422.0,,40000000.0,1995-04-21,R,,20th Century Fox,Remake,Drama,Contemporary Fiction,Barbet Schroeder,67.0,7.6,2374.0
The Kings of Appletown,0.0,0.0,,7000000.0,2008-12-12,,,,Original Screenplay,Action,Contemporary Fiction,,,,
Koltchak,0.0,38585047.0,,20000000.0,2008-10-10,,,,,,,,,,
